Fund_Name,Update_Date
APAC Regulatory,
Maybank IBG PH PRE ASEAN Tactical Market/Sector/Stock Highlights,2024-07-09
,2024-07-08
Singapore Life Sciences & Healthcare,
,2024-08-01
GCI YTD,
QFM China Master Fund - Jun 2024 Investor Newsletter,
CloudAlpha Master Fund - Investor Monthly Factsheet,2024-06-06
Thurs,
Ghana Panama,2024-08-06
Polar Star FR,
"Polar Star Fund Ltd Factsheet, Risk Report",
Fed,2024-08-06
"Polar Star Fund Ltd Factsheet, Risk Report",
Thurs SGT,
"Polar Star Spectrum Fund Ltd Factsheet, Risk Report",
"Polar Star Fund Ltd Factsheet, Risk Report",
"Polar Star Fund Ltd Factsheet, Risk Report",
,2024-06-06
Simplex Lower Market Strategy,2024-06-06
Simplex Chukei Strategy,2024-06-06
YTD,
YTD,
"Polar Star Fund Ltd Factsheet, Risk Report",
,
"Polar Star Fund Ltd Factsheet, Risk Report",
Polar Star Spectrum Fund Ltd,2024-07-01
Polar Star Fund Ltd,2024-07-01
Polar Star Fund Ltd,2024-07-01
Polar Star FR,
Polar Star Fund Ltd,
Polar Star Spectrum Fund,
EastOne,2024-09-07
EastValues,2024-09-07
,
,2024-06-06
,2006-06-01
NBAIM Onshore,2024-06-30
Gavekal Asian Opportunities UCITS Fund -,2024-06-06
Maybank IBG PH PRE JG Summit Holdings,2024-07-10
Yunqi Monthly Factsheet -,2024-06-06
,2024-08-01
,2024-06-06
Allspring Global Investments Newsletter -,2024-07-06
Estimate True Partner Fund WTD,
Maybank Sec PH Market Wrap,2001-07-10
Sri Lanka Fed EM,
,
,
Aravali Global Arbitrage Fund - Jun 2024 Newsletter,2024-06-02
Four Seasons Trust Fund,2024-06-06
IYC Newsletter,
Polar Star FR,
Polar Star Fund Ltd,
Polar Star Spectrum Fund,
EastOne,2024-10-07
EastValues,2024-10-07
Concise HY Fund,2006-06-01
BioImpact Equities Funds June,2024-06-06
NBAIM Weekly Net Performance,2024-07-05
NBAIM Offshore,2024-07-05
NBAIM Onshore,2024-07-05
,2024-05-06
,
Maybank IBG PH PRE,
,2024-08-01
Global Alpha Fund - June India,2024-06-02
Quantica Capital Webinar - 2024,2024-07-16
Newsletter YTD,
Red Gate Asset Management Red Gate China Growth Fund -,2024-06-02
Maybank Sec PH Market Wrap,
Fundsmith Equity Fund Webinar Recording,
YamawaAM„ÄëJune-2024 News,2024-06-06
Ariose China Growth Fund,2024-06-06
,
Serbia IMF Argentina,
Systematica,2024-06-06
LIM Japan Event Fund Newsletter - June 2024,2024-06-06
,0500-08-06
YTD,2024-06-08
,2024-06-06
LendInvest,
Polar Star FR,
EastOne,2024-11-07
Polar Star Fund Ltd,
Polar Star Spectrum Fund,
EastValues,2024-11-07
Apollo Mid-Year Credit Outlook,2024-08-06
Systematica BlueTrend,2024-06-06
YTD,
Maybank IBG PH PRE Telco Featured Research ASEAN Telecom & Internet ASEAN,2024-07-12
Invitation] Register for Nikko AM FOREWORD Transformation,2024-08-06
,2024-08-01
YTD,
Bright Stream Macro Fund YTD,
,
Maybank Sec PH Market Wrap,2024-06-12
Dragon Capital Vietnam Update,2024-06-06
Philippines MSPH Weekly Wrap PCOMP,
Sri Lanka's Kenya,2024-08-10
TT International Asia Pacific Fund Investment Report,2024-02-06
,2024-08-07
,2024-08-10
Athos Asia Event Driven Fund Update Letter,2024-06-06
TT International TT Environmental Solutions Fund Investment Report,2024-02-06
,2024-08-01
New Sales Listings & Market Update - Week 28,2024-08-28
Systematica Alternative Markets,2024-06-06
Polar Star FR,
Polar Star Fund Ltd,
Polar Star Spectrum Fund,
GAO Bigdata Check-in  @ SGT research@gao-cap.com,
,
,
EastValues,2024-12-07
EastOne,2024-12-07
Nishkama Capital - June YTD,2007-06-01
,2024-07-12
,2024-07-12
,2024-08-01
Panah Clinic,
Outlook for Public and Private Markets,
,2024-08-01
"Aravali Global Arbitrage Fund SP - Nominated HFM APAC Performance
 Awards",
,
,2024-06-06
Maybank IBG PH PRE MIBG‚ÄúASEAN Economics - Trump 2.0 Trade Policies: Turbulence Ahead‚Äù,
,2024-08-01
,2024-06-06
Maybank Sec PH Market Wrap,2024-07-15
Astignes Asia Rates Factsheet -,2024-06-06
China,
,
,
,
,
China Pakistan,2024-08-07
Greenvale Capital,2024-06-04
SG Prime Services,
Polar Star FR,
Polar Star Fund Ltd,
Polar Star Spectrum Fund,
EastOne,2024-07-15
EastValues,2024-07-15
Engine Capital Q2 2024,2024-06-02
YTD,2024-06-04
Truck Capital Partners,2024-06-06
Longqi Excelsior & Decade Fund - June 2024,2024-06-06
LIM Japan Event Fund - Mid-Month Estimate,
,2024-06-06
Maybank IBG PH PRE IPO MIBG‚ÄúASEAN Economics - Trump 2.0 Trade Policies: Turbulence Ahead‚Äù GT Capital Holdings,
Salisbury Asian Special Situations Fund -,2024-06-18
,2024-08-01
,2024-07-15
Fact Sheets,2024-06-06
The European Magazine‚Äôs,2024-08-06
Maybank Sec PH Market Wrap,2024-07-16
,2024-06-06
Argentina FX Kenya Rwanda,
China,
,
Polar Star FR,
Polar Star Fund Ltd,
Polar Star Spectrum Fund,
EastValues,2024-07-16
EastOne,2024-07-16
,
QTD,
,2024-06-06
Maybank IBG PH PRE Featured Research: Robinsons Land,2024-07-16
,2024-08-01
Global Alpha Fund - June India,2024-06-02
Aurigin Capital - June 2024 YTD,
Estimate True Partner Fund WTD,
,
Newsletter,
Maybank Sec PH Market Wrap PCOMP Advances,
Trump EM Mexico,
,2024-02-06
Varenne Capital Monthly Update,
US,
True Partner Monthly Factsheet,2024-06-06
Zugzwang - Kohinoor Strategy,2024-06-06
Polar Star FR,
Polar Star Fund Ltd,
Polar Star Spectrum Fund,
,2024-06-06
Unlock New Investment Opportunities,2024-06-06
EastOne,2024-07-17
EastValues,2024-07-17
,2024-02-06
,2024-02-06
,2024-02-06
,
NBAIM Weekly Net,2024-07-12
NBAIM Offshore 7.12.24 Weekly Net Performance,2024-07-12
NBAIM Onshore,2024-07-12
ArCoin Achieves New Milestone Leading Way,
AI Regie.ai,
Millburn Commodities Program Risk Report,
Renaissance Commentaries Are Now Available,
,
Maybank IBG PH PRE Featured Research: PH Automotive,2024-07-18
HCM Rapier Fund,2024-06-06
Update,2024-06-02
,2024-08-01
,2024-06-06
,2024-06-06
,2024-06-06
Panview Capital 2Q 2024 Quarterly Newsletter,2024-02-06
,
Auscap Newsletter - July 2024,2024-07-06
,
Panview Capital 2Q 2024 Quarterly Newsletter,2024-02-06
Maybank Sec PH Market Wrap PCOMP,
Pakistan,2024-08-07
,
the Mistake It Made,2024-01-06
Dragon Capital,2024-06-06
Polar Star FR,
Polar Star Fund Ltd,
Polar Star Spectrum Fund,
Nantahala Capital Partners Limited Partnership's,2024-06-05
Navigating Africa‚Äôs UK Register,2024-07-31
EastOne,2024-07-18
EastValues,2024-07-18
Apollo Asset-Backed Finance Fund,
Aureana,2024-06-06
SilverArc June Fact Sheet,2024-06-06
Cobia Capital Partners LP YTD,2024-06-10
Maybank IBG PH PRE,2024-07-19
Maybank Sec PH Market Wrap,
Philippines MSPH Weekly Wrap PSEI,
Ghana Argentina FX Vietnam,
,
,2024-08-01
,2024-02-24
New Sales Listings & Market Update - Week 29,2024-08-29
Polar Star Fund Ltd,
Polar Star Spectrum Fund Ltd,
Polar Star FR,
EastOne,2024-07-19
EastValues,2024-07-19
Harvey Partners -  Fact Sheets,
,2024-07-19
,2024-07-19
,2024-08-01
"Bill & Melinda Gates
 Foundation",
,
,2024-08-01
the Long-Term Inflation Outlook,
,
Maybank IBG PH PRE Featured Research:  PH Strategy - Ready,2024-07-22
,2024-08-01
"RV Capital Asia Opportunity Fund - June 2024 Newsletter &
 Performance",2024-06-06
,2024-06-06
,2024-06-01
,2024-02-06
Maybank Sec PH Market Wrap,
Vietnam SSC Investment Promotion Conference Singapore,
EM Biden Ghana Vietnam,
the Communist Party Central Committee,
,
Trafalgar Trading Fund Inc Institutional,2024-06-06
Polar Star FR,
Polar Star Spectrum Fund,
Polar Star Fund Ltd,
Eagle View Capital Management,2024-06-06
EastOne,2024-07-22
EastValues,2024-07-22
"ProMeritum IM| EM Fund & EM Enhanced Fund Performance &
 ",2024-06-06
,2024-07-22
Apollo Credit Strategies Fund,2024-06-06
Yen,2024-06-06
Maybank IBG PH PRE Philippines,2024-07-23
Panah Clinic,
,2024-08-01
Maybank Sec PH Market Wrap PCOMP,2041-07-23
Ukraine,2024-08-20
,
,
Venezuela UK Register,2024-07-30
,2024-08-02
Polar Star Fund Ltd,
Polar Star Spectrum Fund Ltd,
Polar Star FR,
EastOne,2024-07-23
EastValues,2024-07-23
,
Artisan Partners Credit Team EMsights Capital Group Updates,
Maybank IBG PH PRE Carina PSE,2024-07-24
,2024-08-01
,
Estimate True Partner Fund,
Kenya Armenia Venezuela,
,
Polar Star Fund Ltd,
Polar Star Spectrum Fund Ltd,
Polar Star FR,
NBAIM Weekly Net,2024-07-19
NBAIM Offshore 7.19.24 Weekly Net Performance,2024-07-19
NBAIM Onshore,2024-07-19
ExodusPoint,2024-06-06
,
EastOne,2024-07-24
EastValues,2024-07-24
Connective Capital,2024-02-06
,2024-02-06
,2024-08-06
Maybank IBG PH PRE Metro Manila SOC,2024-07-25
,
EM,
,2024-08-01
,
Maybank Sec PH Market Wrap,2001-07-25
GCI Systematic Macro 2Q24 Video Letter,2024-02-24
,2024-06-06
Nigeria Kenya Chile Codelco,
,
Medalist Partners Short Duration Fund Receives,
"Allred, Unlock New Opportunities",
Polar Star Fund Ltd,
Polar Star Spectrum Fund Ltd,
Catalyst Brings Welton‚Äôs Multi-Strategy Fund New Mutual Fund Offering,
Polar Star FR,
Parkman Healthcare Partners - Quarterly Investor Letter 06/30/2024,2024-06-30
,
EastValues,2024-07-25
EastOne,2024-07-25
,
,2024-06-06
Maybank IBG PH PRE AEV Featured Research: SM Investments,2002-07-26
,
Bi-monthly Newsletter,
,2024-08-01
GAO Bigdata Check-in @ SGT research@gao-cap.com,
,
GAO Bigdata Check-in @ SGT research@gao-cap.com,
,
,
,
,
Maybank Sec PH Market Wrap PCOMP Closes,2024-07-26
Philippines MSPH Weekly Wrap Typhoon Gaemi,
Nigeria FX naira Serbia Sri Lanka,
Fed,
Venezuela UK,2024-07-30
New Sales Listings & Market Update - Week 30,2024-08-30
Polar Star Fund Ltd,
Polar Star Spectrum Fund Ltd,
Polar Star FR,
SVI Monthly Newsletter,2024-06-06
EastValues,2024-07-26
EastOne,2024-07-26
Haidar Jupiter Fund,2024-06-06
,2024-08-16
,2024-07-26
,2024-07-26
üîî Prosperous Cat,2024-08-01
,
US,
üîî Prosperous Cat,2024-08-01
,
Basswood (Financial Sector Specialist,
Maybank IBG PH PRE,2024-07-29
,2024-08-01
Maybank Sec PH Market Wrap,2001-07-29
H2 Venezuela Nigeria,2024-08-06
Tellimer - New Features Now Live,
,
Venezuela UK,2024-07-30
Polar Star FR,
Polar Star Spectrum Fund,
Polar Star Fund Ltd,
Kryger Event Fund - MTD,2024-06-02
EastOne,2024-07-29
EastValues,2024-07-29
,
Connective Capital June-2024 YTD CCEE YTD,
Apollo Global Opportunistic Credit - Q2 2024 Update Call,2024-02-06
,2024-07-29
Maybank IBG PH PRE URC BDO Unibank,
#HRwithEM¬Æ,
üîî Prosperous Cat,2024-08-01
,
Silverdale Bond Fund Communique - 26th,2024-07-26
Maybank Sec PH Market Wrap,
,
,
,
,2024-07-06
China India,
Navigating Africa‚Äôs UK,2024-07-31
Polar Star FR,
Polar Star Fund Ltd,
EastOne,2024-07-30
EastValues,2024-07-30
Polar Star Spectrum Fund,
Maybank IBG PH PRE,2024-07-31
,2024-08-01
,
Estimate True Partner Fund,
,2024-07-06
BlueOrchard,
"Maybank Sec PH Market Wrap PCOMP Lackluster, Little
 Changed",2024-07-31
Bigdata API Notebooks / Workflows,
MSPH Monthly Wrap,
,
Israel Indonesia China,
EastOne,2024-07-31
EastValues,2024-07-31
Polar Star Fund Ltd,
Polar Star Spectrum Fund Ltd,
Polar Star FR,
Serenitas Credit Gamma Fund Quarterly Investor Letter & Webinar Recording,2024-02-06
Panoramic Partners Fund - Visit Singapore YTD,
Tilden Park - June 2024,2024-06-06
,
Maybank IBG PH PRE Fed,2024-08-01
,2024-08-01
,2024-06-30
Maybank Sec PH Market Wrap,2024-08-01
Quantica Managed Futures,
Ethiopia Kenya,
,2024-08-03
APS China Fundamental Analysis,
,
TT International,2024-08-06
Polar Star FR,
Polar Star Spectrum Fund,
Polar Star Fund Ltd,
,2024-07-06
,
SG Prime Services,
Apollo Asset-Backed Finance Fund,
EastOne 01/08/2024,2024-01-08
EastValues 01/08/2024,2024-01-08
,
LLC - Estimated Returns,
MKP Capital Global Macro Estimated Returns,2024-07-06
IMPACTIVE / Q2 Letter +,2024-07-02
,2024-07-06
,2024-07-06
JEM,
,2024-07-06
"MUFG
 Bank Ayala Post POGO Raffy",2005-08-02
,
US Election,
LIM Japan Event Fund - Month-end,
Philippines MSPH Weekly Wrap,
HOIF,2024-07-06
CEE CIS Venezuela,
Comparing Growth in Government Debt Nominal,
Laurion Capital Ltd.,2024-07-06
New Sales Listings & Market Update - Week 31,2024-08-31
Velan Capital - July,2024-07-06
Polar Star FR,
Polar Star Spectrum Fund,
Polar Star Fund Ltd,
Systematica Estimated NAV Report -,2024-07-31
,2024-08-03
,2024-07-06
Fundsmith Equity Fund Factsheet,2024-07-06
,
,2024-08-01
,2024-08-01
Hildene Opportunities Fund II - June 2024,2024-06-06
Renaissance - Recording Regarding Q2 2024,2024-02-06
,2024-08-02
,2024-08-02
,2024-08-01
,
Labor Market Constantly Changing,
Factsheet MEZ Capital LongTerm,
ACEN FX US,
,
,
Arnott Opportunities,2024-06-06
Vietnam,
Maybank Sec PH Market Wrap,
EM Egypt,2024-08-06
US,
LendInvest,
,2024-07-06
Polar Star FR,
Polar Star Spectrum Fund,
Polar Star Fund Ltd,
Fed,
Harvey Partners -Estimate,
Basswood (Financial Sector Specialist,
Haidar Jupiter Fund,2024-07-06
,
Northern Trace,
Artisan Partners 2Q24 Update: Performance Summary Fact Sheets,2024-02-24
ExodusPoint Monthly Performance Estimates,2024-07-31
,2024-08-05
Wilcon Depot Technical Sell,2024-08-06
,2024-08-01
Data Scientist Macro,
,
